id,username,password
1,OFQO,3031
2,bWuY,1509
4,alGW,1017
5,VgTu,7179
6,jkWc,1052
7,noFe,2784
8,ZqWo,2731
9,xSjP,1714
10,OkIg,8797
11,qmGB,7578
12,lZqP,3299
13,TGjG,7057
14,ObSV,3211
15,aRAF,9289
16,vyXZ,7414
17,TDOm,7697
18,RGVr,7720
19,lEak,4471
20,IApm,8577
21,tGjO,769
22,xouH,8934
23,Ohsq,484
24,ZOLD,1450
25,uqtE,4394
26,CAAF,850
27,vUdJ,2595
28,BTVg,9638
29,NSQg,586
30,lJYO,3127
31,wtrR,2456
32,eCRR,4446
33,edSM,6553
34,oxgJ,6744
35,ivWt,1551
36,fISv,8912
37,kvmO,6679
38,XnJQ,7011
39,fIzz,8815
40,fYvi,9326
41,BhiT,8292
42,GGet,9601
43,moTv,9814
44,nnMe,2668
45,GpPv,7576
46,FEGD,3283
47,ydJF,7943
48,IXoO,3537
49,WdhH,4906
50,SlEo,5214
51,UZPD,6013
52,yKuH,7032
53,Derk,5116
54,xFuL,4109
55,kuXB,1617
56,RjhP,2124
57,Zbvx,6386
58,WllU,8909
59,IqYJ,3926
60,vQKo,2211
61,QPZY,9957
62,dNZz,7738
63,RQSO,4553
64,Bqwn,42
65,Pgcu,3554
66,EovV,6501
67,VoGQ,8315
68,GABi,6520
69,hTNT,4780
70,KBqd,7477
71,eBbq,7843
72,syuT,3691
73,qhvs,7030
74,WGNE,4788
75,JEJw,962
76,goVO,2948
77,LIez,19
78,fORM,4141
79,bjoP,8469
80,Psis,7275
81,DbKJ,9403
82,pJsd,146
83,GCrA,9334
84,FdZb,3433
85,DvcI,2950
86,toMz,2827
87,vRQS,190
88,jcTz,3157
89,yCZf,5626
90,fhJX,3797
91,jGdO,4395
92,TXze,2666
93,AZQQ,9989
94,szCI,5541
95,ocfn,3558
96,PhHk,4271
97,eHQy,799
98,IevB,3948
99,eWgN,3219
100,KiYW,1701